link,location
https://newsbook.com.mt/en/polices-domestic-violence-unit-to-move-to-santa-lucija/,birkirkara
https://newsbook.com.mt/en/polices-domestic-violence-unit-to-move-to-santa-lucija/,floriana
https://newsbook.com.mt/en/polices-domestic-violence-unit-to-move-to-santa-lucija/,floriana
https://newsbook.com.mt/en/polices-domestic-violence-unit-to-move-to-santa-lucija/,floriana
https://newsbook.com.mt/jirrizenja-s-sindku-tax-xaghra-christian-zammit/,unable to detect location.
https://newsbook.com.mt/en/polices-domestic-violence-unit-to-move-to-santa-lucija/,floriana
https://newsbook.com.mt/en/polices-domestic-violence-unit-to-move-to-santa-lucija/,floriana
https://newsbook.com.mt/en/polices-domestic-violence-unit-to-move-to-santa-lucija/,floriana
https://newsbook.com.mt/en/polices-domestic-violence-unit-to-move-to-santa-lucija/,
https://newsbook.com.mt/en/polices-domestic-violence-unit-to-move-to-santa-lucija/,
https://newsbook.com.mt/jirrizenja-s-sindku-tax-xaghra-christian-zammit/,
https://newsbook.com.mt/en/polices-domestic-violence-unit-to-move-to-santa-lucija/,
https://newsbook.com.mt/en/polices-domestic-violence-unit-to-move-to-santa-lucija/,
https://newsbook.com.mt/en/polices-domestic-violence-unit-to-move-to-santa-lucija/,
https://newsbook.com.mt/jirrizenja-s-sindku-tax-xaghra-christian-zammit/,
